Predictor variable,Categorical,Sample average
bio1,false,205.24092409240924
bio11,false,143.5181518151815
bio4,false,4578.085808580858
